{
  "frame_rate": 25,
  "distance_traveled": 1.7639999240636826,
  "average_velocity": 0.2999999870856603,
  "elapsed_time": 5.88
}