{
  "frame_rate": 25,
  "distance_traveled": 1.256000004708767,
  "average_velocity": 0.20000000074980365,
  "elapsed_time": 6.28
}